[{"n_estimators": 404, "learning_rate": 0.07089303761445828, "num_leaves": 60, "max_depth": 49, "min_child_samples": 50, "subsample": 0.5759254732466363, "colsample_bytree": 0.5692638586475725}, {"n_estimators": 247, "learning_rate": 0.025491366635207333, "num_leaves": 138, "max_depth": 8, "min_child_samples": 67, "subsample": 0.5281073475031648, "colsample_bytree": 0.6897680385053797}, {"n_estimators": 406, "learning_rate": 0.08262297400361483, "num_leaves": 107, "max_depth": 44, "min_child_samples": 75, "subsample": 0.7105987414965926, "colsample_bytree": 0.6861155023385856}]