[{"n_estimators": 601, "learning_rate": 0.03470078848570251, "num_leaves": 136, "max_depth": 35, "min_child_samples": 15, "subsample": 0.9398202793261601, "colsample_bytree": 0.937104216062955}, {"n_estimators": 706, "learning_rate": 0.05340901162711609, "num_leaves": 146, "max_depth": 40, "min_child_samples": 79, "subsample": 0.9394825871452015, "colsample_bytree": 0.5389142043442441}, {"n_estimators": 693, "learning_rate": 0.017565388044432768, "num_leaves": 50, "max_depth": 50, "min_child_samples": 78, "subsample": 0.7623480927754115, "colsample_bytree": 0.9260674983423164}]